manager;client_id;client;brand;general_plan;week_1;week_2;week_3;week_4;week_5
Ремус Люпин;00-00001081;Клиент 7;Проявитель врагов;;;;;;
Ремус Люпин;00-00001081;Клиент 7;Кубок Огня;20000.00;;2418.00;8000.00;10000.00;
Ремус Люпин;00-00001081;Клиент 7;Карта Мародеров;2000.00;;239.00;2000.00;;
Ремус Люпин;00-00001081;Клиент 7;Прыгающий котел;3000.00;;415.00;1000.00;1000.00;
Ремус Люпин;00-00001081;Клиент 7;Мантия-невидимка;24000.00;7084.00;6082.48;10000.00;;
Ремус Люпин;00-00001081;Клиент 7;Дары смерти;1000.00;;;1000.00;;
Ремус Люпин;00-00000900;Клиент 29;Проявитель врагов;;;;;;
Ремус Люпин;00-00000900;Клиент 29;Дары смерти;;;;;;
Ремус Люпин;00-00000900;Клиент 29;Кубок Огня;;;;;;
Ремус Люпин;00-00000900;Клиент 29;Карта Мародеров;;;;;;
Ремус Люпин;00-00000900;Клиент 29;Прыгающий котел;;;;;;
Ремус Люпин;00-00000900;Клиент 29;Мантия-невидимка;;;;;;
Якоб Ковальски;00-00001288;Клиент 640;Кубок Огня;;;;;;
Якоб Ковальски;00-00000981;Клиент 10;Кубок Огня;1000000.00;;;;1000000.00;
Якоб Ковальски;00-00000981;Клиент 10;Карта Мародеров;;;;;;
Якоб Ковальски;00-00000981;Клиент 10;Прыгающий котел;;;;;;
Якоб Ковальски;00-00000981;Клиент 10;Мантия-невидимка;300000.00;;;;300000.00;
Якоб Ковальски;00-00001969;Клиент 250;Кубок Огня;;;;;;
Якоб Ковальски;00-00000578;Клиент 437;Кубок Огня;;;;;;
Якоб Ковальски;00-00000578;Клиент 437;Карта Мародеров;;;;;;
Якоб Ковальски;00-00000578;Клиент 437;Проявитель врагов;;;;;;
Якоб Ковальски;00-00001928;Клиент 228;Мантия-невидимка;;;;;;
Якоб Ковальски;00-00001787;Клиент 178;Мантия-невидимка;150000.00;;;150000.00;;
Якоб Ковальски;00-00001799;Клиент 181;Мантия-невидимка;300000.00;;;300000.00;;
Якоб Ковальски;00-00001799;Клиент 181;Прыгающий котел;;;;;;
Якоб Ковальски;00-00001799;Клиент 181;Дары смерти;;;;;;
Якоб Ковальски;00-00001623;Клиент 126;Кубок Огня;;;;;;
Якоб Ковальски;00-00001848;Клиент 768;Мантия-невидимка;;;;;;
Якоб Ковальски;00-00001263;Клиент 635;Кубок Огня;;;;;;
Якоб Ковальски;00-00000498;Клиент 24;Кубок Огня;300000.00;;32111.50;;150000.00;100000.00
Якоб Ковальски;00-00000498;Клиент 24;Карта Мародеров;;;;;;
Якоб Ковальски;00-00000498;Клиент 24;Проявитель врагов;;;;;;
Якоб Ковальски;00-00000498;Клиент 24;Дары смерти;;;5569.90;;;
Якоб Ковальски;00-00000498;Клиент 24;Прыгающий котел;;;;;;
Якоб Ковальски;00-00000498;Клиент 24;Мантия-невидимка;150000.00;;65559.50;;70000.00;14440.50
Якоб Ковальски;00-00001734;Клиент 753;Кубок Огня;;;;;;
Якоб Ковальски;00-00001734;Клиент 753;Прыгающий котел;;;;;;
Якоб Ковальски;00-00001734;Клиент 753;Дары смерти;;;;;;
Якоб Ковальски;00-00001734;Клиент 753;Мантия-невидимка;;;;;;
Якоб Ковальски;00-00001934;Клиент 231;Мантия-невидимка;70000.00;;70000.00;;;
Якоб Ковальски;УТ0000987  ;Клиент 16;Кубок Огня;300000.00;;;;300000.00;
Якоб Ковальски;00-00001264;Клиент 636;Кубок Огня;;;;;;
Якоб Ковальски;00-00002005;Клиент 269;Кубок Огня;;;;;;
Якоб Ковальски;00-00001273;Клиент 642;Кубок Огня;;;;;;
Якоб Ковальски;00-00002014;Клиент 274;Кубок Огня;;;;;;
Якоб Ковальски;00-00001784;Клиент 176;Кубок Огня;30000.00;;;;;30000.00
Якоб Ковальски;00-00001428;Клиент 96;Кубок Огня;;;;;;
Якоб Ковальски;00-00001862;Клиент 197;Мантия-невидимка;100000.00;;;;100000.00;
Якоб Ковальски;00-00001862;Клиент 197;Дары смерти;;;;;;
Якоб Ковальски;00-00001859;Клиент 774;Кубок Огня;200000.00;;;;;200000.00
Якоб Ковальски;00-00001957;Клиент 241;Мантия-невидимка;;;;;;
Якоб Ковальски;00-00001957;Клиент 241;Дары смерти;;;;;;
Якоб Ковальски;00-00001957;Клиент 241;Прыгающий котел;;;;;;
Якоб Ковальски;00-00001646;Клиент 131;Дары смерти;;;;;;
Якоб Ковальски;00-00001398;Клиент 89;Кубок Огня;;;;;;
Якоб Ковальски;00-00001229;Клиент 141;Кубок Огня;;;;;;
Якоб Ковальски;00-00001229;Клиент 141;Карта Мародеров;;;;;;
Якоб Ковальски;00-00001229;Клиент 141;Дары смерти;;;;;;
Якоб Ковальски;УТ0000555  ;Клиент 28;Кубок Огня;250000.00;;80152.50;;169847.50;
Якоб Ковальски;УТ0000555  ;Клиент 28;Карта Мародеров;;;;;;
Якоб Ковальски;УТ0000555  ;Клиент 28;Дары смерти;;;;;;
Якоб Ковальски;УТ0000555  ;Клиент 28;Проявитель врагов;;;;;;
Якоб Ковальски;УТ0000555  ;Клиент 28;Прыгающий котел;;;;;;
Якоб Ковальски;УТ0000555  ;Клиент 28;Мантия-невидимка;300000.00;;;254153.95;;45000.00
Якоб Ковальски;00-00002023;Клиент 279;Мантия-невидимка;50000.00;;98937.88;;25000.00;
Альбус Дамблдор;00-00000749;Клиент 42;Кубок Огня;10000.00;;;5000.00;;5000.00
Альбус Дамблдор;00-00001113;Клиент 312;Кубок Огня;120000.00;3462.00;7290.00;35000.00;35000.00;40000.00
Альбус Дамблдор;00-00001113;Клиент 312;Дары смерти;;;;;;
Альбус Дамблдор;00-00001895;Клиент 211;Кубок Огня;;;;;;
Альбус Дамблдор;00-00000869;Клиент 54;Кубок Огня;100000.00;5027.75;3701.75;32000.00;30000.00;30000.00
Альбус Дамблдор;00-00000869;Клиент 54;Карта Мародеров;;;;;;
Альбус Дамблдор;00-00000869;Клиент 54;Прыгающий котел;;;;;;
Альбус Дамблдор;00-00000869;Клиент 54;Дары смерти;;;;;;
Альбус Дамблдор;00-00001481;Клиент 106;Проявитель врагов;;;;;;
Альбус Дамблдор;00-00001481;Клиент 106;Кубок Огня;;;;;;
Альбус Дамблдор;00-00001287;Клиент 639;Проявитель врагов;;;;;;
Альбус Дамблдор;00-00001345;Клиент 659;Карта Мародеров;;;;;;
Альбус Дамблдор;00-00001345;Клиент 659;Кубок Огня;;;;;;
Альбус Дамблдор;00-00001345;Клиент 659;Дары смерти;;;;;;
Альбус Дамблдор;00-00001388;Клиент 678;Дары смерти;;;;;;
Альбус Дамблдор;00-00000944;Клиент 534;Кубок Огня;;;;;;
Альбус Дамблдор;00-00000573;Клиент 13;Кубок Огня;10000.00;;1435.00;3600.00;;5000.00
Альбус Дамблдор;00-00001266;Клиент 637;Кубок Огня;;;;;;
Альбус Дамблдор;00-00001203;Клиент 611;Кубок Огня;;;;;;
Альбус Дамблдор;00-00001164;Клиент 600;Кубок Огня;;;;;;
Альбус Дамблдор;00-00001112;Клиент 587;Кубок Огня;;;;;;
Альбус Дамблдор;00-00000995;Клиент 5;Кубок Огня;40000.00;;47812.50;;;
Альбус Дамблдор;00-00001276;Клиент 148;Кубок Огня;;;;;;
Альбус Дамблдор;00-00001186;Клиент 77;Кубок Огня;;;;;;
Альбус Дамблдор;00-00000840;Клиент 57;Проявитель врагов;;;;;;
Альбус Дамблдор;00-00000840;Клиент 57;Мантия-невидимка;;;;;;
Альбус Дамблдор;00-00000840;Клиент 57;Кубок Огня;;;;;;
Альбус Дамблдор;00-00001485;Клиент 699;Проявитель врагов;;;;;;
Альбус Дамблдор;00-00001485;Клиент 699;Кубок Огня;;;;;;
Альбус Дамблдор;00-00001616;Клиент 730;Проявитель врагов;;;;;;
Альбус Дамблдор;00-00000006;Клиент 40;Кубок Огня;80000.00;4977.40;21418.50;20000.00;14000.00;20000.00
Альбус Дамблдор;00-00000006;Клиент 40;Карта Мародеров;;;;;;
Альбус Дамблдор;00-00000137;Клиент 343;Карта Мародеров;;;;;;
Альбус Дамблдор;00-00000137;Клиент 343;Проявитель врагов;;;;;;
Альбус Дамблдор;00-00000137;Клиент 343;Дары смерти;;;;;;
Альбус Дамблдор;00-00001093;Клиент 582;Кубок Огня;;;;;;
Альбус Дамблдор;00-00001093;Клиент 582;Дары смерти;;;;;;
Альбус Дамблдор;00-00001566;Клиент 121;Кубок Огня;;;;;;
Альбус Дамблдор;00-00001473;Клиент 105;Кубок Огня;20000.00;;3116.00;10000.00;;7000.00
Альбус Дамблдор;00-00001198;Клиент 638;Кубок Огня;;;;;;
Альбус Дамблдор;00-00001198;Клиент 638;Дары смерти;;;;;;
Альбус Дамблдор;00-00001198;Клиент 638;Проявитель врагов;;;;;;
Альбус Дамблдор;00-00001280;Клиент 149;Кубок Огня;;;;;;
Альбус Дамблдор;00-00001942;Клиент 236;Дары смерти;;;;;;
Альбус Дамблдор;00-00001278;Клиент 644;Кубок Огня;;;;;;
Альбус Дамблдор;00-00001278;Клиент 644;Проявитель врагов;;;;;;
Альбус Дамблдор;00-00001278;Клиент 644;Дары смерти;;;;;;
Альбус Дамблдор;00-00001711;Клиент 157;Кубок Огня;40000.00;50592.00;;;;
Альбус Дамблдор;00-00001906;Клиент 214;Кубок Огня;80000.00;;17039.10;23000.00;;40000.00
Альбус Дамблдор;00-00001906;Клиент 214;Дары смерти;80000.00;;38649.00;20000.00;;22000.00
Альбус Дамблдор;00-00001463;Клиент 697;Дары смерти;;;;;;
Альбус Дамблдор;00-00001916;Клиент 221;Кубок Огня;;;;;;
Альбус Дамблдор;00-00000955;Клиент 50;Кубок Огня;200000.00;;30000.00;30000.00;70000.00;70000.00
Альбус Дамблдор;00-00000955;Клиент 50;Карта Мародеров;;;;;;
Альбус Дамблдор;00-00000955;Клиент 50;Дары смерти;120000.00;;40000.00;;40000.00;40000.00
Альбус Дамблдор;00-00001917;Клиент 222;Кубок Огня;;;;;;
Альбус Дамблдор;00-00001314;Клиент 647;Проявитель врагов;;;;;;
Альбус Дамблдор;00-00001361;Клиент 310;Кубок Огня;1500000.00;627124.00;497745.00;200000.00;95000.00;95000.00
Альбус Дамблдор;00-00001361;Клиент 310;Дары смерти;100000.00;21774.00;23573.00;15000.00;20000.00;20000.00
Альбус Дамблдор;00-00001361;Клиент 310;Проявитель врагов;;9100.00;7500.00;;;
Гарри Поттер;00-00000883;Клиент 45;Кубок Огня;600000.00;156355.00;153502.00;150000.00;150000.00;
Гарри Поттер;00-00000883;Клиент 45;Проявитель врагов;;;;;;
Гарри Поттер;00-00000883;Клиент 45;Дары смерти;700000.00;174476.00;228097.00;170000.00;170000.00;
Гарри Поттер;00-00000883;Клиент 45;Мантия-невидимка;;;;;;
Гарри Поттер;00-00000883;Клиент 45;Прыгающий котел;60000.00;16267.00;15496.00;15000.00;15000.00;
Гарри Поттер;00-00000883;Клиент 45;Карта Мародеров;;;;;;
Гарри Поттер;УТ0000830  ;Клиент 311;Кубок Огня;2200000.00;159115.00;446889.00;450000.00;450000.00;550000.00
Гарри Поттер;УТ0000830  ;Клиент 311;Карта Мародеров;900000.00;104332.00;230722.00;200000.00;220000.00;200000.00
Гарри Поттер;УТ0000830  ;Клиент 311;Дары смерти;1200000.00;117280.00;322983.00;280000.00;280000.00;250000.00
Гарри Поттер;УТ0000830  ;Клиент 311;Омут памяти;200000.00;5415.00;18745.00;50000.00;50000.00;45000.00
Гарри Поттер;УТ0000830  ;Клиент 311;Мантия-невидимка;;;;;;
Гарри Поттер;УТ0000830  ;Клиент 311;Прыгающий котел;40000.00;7740.00;17518.00;8000.00;8000.00;8000.00
Гарри Поттер;УТ0000830  ;Клиент 311;Проявитель врагов;;;;;;
Гарри Поттер;00-00001567;Клиент 122;Карта Мародеров;100000.00;;;100000.00;;
Гарри Поттер;00-00001567;Клиент 122;Омут памяти;200000.00;;192000.00;;;
Гарри Поттер;00-00001567;Клиент 122;Кубок Огня;300000.00;;225581.25;;150000.00;
Джинни Уизли;УТ0001072  ;Клиент 72;Кубок Огня;;;;;;
Джинни Уизли;00-00000964;Клиент 52;Кубок Огня;500000.00;;;;500000.00;
Джинни Уизли;00-00002075;Клиент 297;Кубок Огня;;;;;;
Джинни Уизли;00-00001158;Клиент 599;Кубок Огня;;;;;;
Джинни Уизли;00-00001158;Клиент 599;Карта Мародеров;;;;;;
Джинни Уизли;00-00001020;Клиент 555;Проявитель врагов;;;;;;
Джинни Уизли;00-00000990;Клиент 547;Кубок Огня;;;;;;
Джинни Уизли;00-00000875;Клиент 502;Карта Мародеров;;;;;;
Джинни Уизли;00-00000880;Клиент 504;Кубок Огня;;;;;;
Джинни Уизли;00-00000880;Клиент 504;Карта Мародеров;;;;;;
Джинни Уизли;00-00001218;Клиент 623;Кубок Огня;;;;;;
Джинни Уизли;00-00001166;Клиент 601;Кубок Огня;;;;;;
Лорд Волдеморт;УТ0000561  ;Клиент 175;Кубок Огня;800000.00;;;219419.00;;400000.00
Лорд Волдеморт;УТ0000561  ;Клиент 175;Карта Мародеров;;;;;;
Лорд Волдеморт;УТ0000561  ;Клиент 175;Дары смерти;;;;;;
Лорд Волдеморт;УТ0000561  ;Клиент 175;Проявитель врагов;;;;;;
Лорд Волдеморт;00-00001516;Клиент 113;Кубок Огня;80000.00;;;;80000.00;
Лорд Волдеморт;00-00001323;Клиент 680;Карта Мародеров;;;;;;
Лорд Волдеморт;00-00000133;Клиент 44;Кубок Огня;2320000.00;;;;1400000.00;1100000.00
Лорд Волдеморт;00-00000133;Клиент 44;Карта Мародеров;;;;;;
Лорд Волдеморт;00-00000133;Клиент 44;Проявитель врагов;;;;;;
Северус Снейп;00-00001291;Клиент 645;Карта Мародеров;;;;;;
Северус Снейп;00-00000295;Клиент 74;Кубок Огня;100000.00;;;;100000.00;
Северус Снейп;00-00000438;Клиент 405;Карта Мародеров;;;;;;
Северус Снейп;00-00000438;Клиент 405;Кубок Огня;;;;;;
Северус Снейп;00-00000438;Клиент 405;Прыгающий котел;;;;;;
Северус Снейп;00-00000160;Клиент 525;Карта Мародеров;;;;;;
Северус Снейп;00-00000160;Клиент 525;Прыгающий котел;;;;;;
Северус Снейп;00-00001134;Клиент 61;Кубок Огня;330000.00;;;;200000.00;
Северус Снейп;00-00001134;Клиент 61;Карта Мародеров;;;;;;
Северус Снейп;00-00001134;Клиент 61;Дары смерти;;;;;;
Северус Снейп;00-00001134;Клиент 61;Проявитель врагов;;;;;;
Северус Снейп;00-00001134;Клиент 61;Прыгающий котел;;;;;;
Северус Снейп;00-00001134;Клиент 61;Мантия-невидимка;;;;;;
Северус Снейп;00-00000418;Клиент 400;Карта Мародеров;;;;;;
Северус Снейп;00-00001399;Клиент 90;Кубок Огня;200000.00;;;;150000.00;
Северус Снейп;00-00001978;Клиент 255;Кубок Огня;;;;;;
Северус Снейп;00-00000950;Клиент 48;Кубок Огня;350000.00;;70000.00;;;250000.00
Северус Снейп;00-00000950;Клиент 48;Проявитель врагов;;;;;;
Северус Снейп;00-00000950;Клиент 48;Карта Мародеров;;;;;;
Северус Снейп;00-00000950;Клиент 48;Дары смерти;;;;;;
Северус Снейп;00-00000950;Клиент 48;Прыгающий котел;;;;;;
Северус Снейп;00-00000950;Клиент 48;Мантия-невидимка;200000.00;;90000.00;;;60000.00
Северус Снейп;00-00000596;Клиент 27;Кубок Огня;;;;;200000.00;
Северус Снейп;00-00000596;Клиент 27;Карта Мародеров;;;;;;
Северус Снейп;00-00000596;Клиент 27;Прыгающий котел;;;;;;
Северус Снейп;00-00000596;Клиент 27;Мантия-невидимка;;;;;80000.00;
Северус Снейп;00-00001089;Клиент 85;Кубок Огня;150000.00;;;;;120000.00
Северус Снейп;00-00002086;Клиент 299;Кубок Огня;;;;;10000.00;
Северус Снейп;00-00001429;Клиент 97;Кубок Огня;;;;;;
Северус Снейп;00-00001429;Клиент 97;Дары смерти;;;;;;
Северус Снейп;00-00001429;Клиент 97;Проявитель врагов;;;;;;
Северус Снейп;УТ0000049  ;Клиент 11;Кубок Огня;300000.00;;100000.00;;250000.00;
Северус Снейп;УТ0000049  ;Клиент 11;Проявитель врагов;;;;;;
Северус Снейп;00-00001991;Клиент 262;Кубок Огня;700000.00;;;;700000.00;
Северус Снейп;00-00000609;Клиент 17;Кубок Огня;30000.00;;;;;
Северус Снейп;00-00000609;Клиент 17;Карта Мародеров;;;;;;
Северус Снейп;00-00000609;Клиент 17;Проявитель врагов;;;;;;
Северус Снейп;00-00001126;Клиент 59;Карта Мародеров;;;;;;
Северус Снейп;00-00001126;Клиент 59;Кубок Огня;100000.00;;;;80000.00;
Северус Снейп;00-00001126;Клиент 59;Дары смерти;;;;;;
Северус Снейп;00-00001973;Клиент 252;Кубок Огня;;;;;;
Северус Снейп;00-00001965;Клиент 247;Мантия-невидимка;;;;;;
Северус Снейп;00-00000410;Клиент 398;Карта Мародеров;;;;;;
Северус Снейп;00-00000410;Клиент 398;Кубок Огня;;;;;;
Северус Снейп;00-00000407;Клиент 76;Кубок Огня;350000.00;;;;350000.00;
Северус Снейп;00-00000407;Клиент 76;Карта Мародеров;;;;;;
Северус Снейп;00-00000407;Клиент 76;Мантия-невидимка;;;;;;
Северус Снейп;00-00000407;Клиент 76;Дары смерти;;;;;;
Северус Снейп;00-00000407;Клиент 76;Проявитель врагов;;;;;;
Северус Снейп;00-00000407;Клиент 76;Прыгающий котел;;;;;;
Северус Снейп;00-00000501;Клиент 26;Кубок Огня;;;;;;
Северус Снейп;00-00002024;Клиент 280;Кубок Огня;;;;;;
Северус Снейп;00-00000496;Клиент 23;Кубок Огня;350000.00;;;;;350000.00
Северус Снейп;00-00000496;Клиент 23;Карта Мародеров;;;;;;
Северус Снейп;00-00000496;Клиент 23;Проявитель врагов;;;;;;
Северус Снейп;00-00000496;Клиент 23;Дары смерти;;;;;;10000.00
Северус Снейп;00-00000496;Клиент 23;Мантия-невидимка;250000.00;;;;;120000.00
Северус Снейп;00-00000496;Клиент 23;Прыгающий котел;;;;;;
Северус Снейп;00-00001865;Клиент 199;Кубок Огня;;;;;;
Северус Снейп;00-00000184;Клиент 4;Карта Мародеров;;;;;;
Северус Снейп;00-00000184;Клиент 4;Кубок Огня;40000.00;;;;30000.00;
Северус Снейп;00-00000184;Клиент 4;Проявитель врагов;;;;;;
Северус Снейп;00-00000564;Клиент 435;Кубок Огня;;;;;;
Северус Снейп;00-00000564;Клиент 435;Карта Мародеров;;;;;;
Северус Снейп;00-00000564;Клиент 435;Проявитель врагов;;;;;;
Северус Снейп;00-00000951;Клиент 49;Кубок Огня;200000.00;101488.25;;;;80000.00
Северус Снейп;00-00000951;Клиент 49;Проявитель врагов;;;;;;
Северус Снейп;00-00000951;Клиент 49;Дары смерти;;;;;;
Северус Снейп;00-00000951;Клиент 49;Прыгающий котел;;;;;;
Северус Снейп;00-00001556;Клиент 120;Кубок Огня;;;;;;
Северус Снейп;00-00000947;Клиент 736;Дары смерти;;;;;;
Северус Снейп;00-00000948;Клиент 34;Кубок Огня;250000.00;;;;;
Северус Снейп;00-00000948;Клиент 34;Карта Мародеров;;;;;;
Северус Снейп;00-00001877;Клиент 203;Кубок Огня;;;;;30000.00;
Северус Снейп;00-00001357;Клиент 86;Карта Мародеров;;;;;;
Северус Снейп;00-00001357;Клиент 86;Кубок Огня;100000.00;;;;100000.00;
Северус Снейп;00-00001357;Клиент 86;Проявитель врагов;;;;;;
Северус Снейп;00-00001357;Клиент 86;Прыгающий котел;;;;;;
Северус Снейп;00-00001357;Клиент 86;Дары смерти;;;;;;
Гермиона Грейнджер;УТ0001147  ;Клиент 67;Карта Мародеров;4000000.00;539317.00;1206400.00;600000.00;450000.00;
Гермиона Грейнджер;УТ0001147  ;Клиент 67;Кубок Огня;15800000.00;1333890.19;14466372.88;800000.00;500000.00;
Гермиона Грейнджер;УТ0001147  ;Клиент 67;Прыгающий котел;250000.00;53475.00;48675.00;50000.00;50000.00;
Гермиона Грейнджер;УТ0001147  ;Клиент 67;Дары смерти;800000.00;210189.36;459770.45;150000.00;150000.00;
Гермиона Грейнджер;УТ0001147  ;Клиент 67;Проявитель врагов;;;;;;
Гермиона Грейнджер;УТ0001147  ;Клиент 67;Философский камень;;1466.67;977.78;1500.00;1500.00;
Гермиона Грейнджер;УТ0001147  ;Клиент 67;Омут памяти;400000.00;148345.00;309460.00;80000.00;35000.00;
Гермиона Грейнджер;00-00001638;Клиент 130;Дары смерти;100000.00;47309.09;51548.97;;;
Гермиона Грейнджер;00-00001638;Клиент 130;Кубок Огня;330000.00;56612.54;;;130000.00;
Гермиона Грейнджер;00-00001638;Клиент 130;Карта Мародеров;160000.00;14950.20;;;75000.00;
Гермиона Грейнджер;00-00001638;Клиент 130;Прыгающий котел;10000.00;6499.92;;;3500.00;
Гермиона Грейнджер;00-00001638;Клиент 130;Мантия-невидимка;;;;;;
Гермиона Грейнджер;00-00001418;Клиент 94;Кубок Огня;;;;;;
Гермиона Грейнджер;00-00001418;Клиент 94;Карта Мародеров;40000.00;;;;;
Гермиона Грейнджер;00-00001418;Клиент 94;Прыгающий котел;50000.00;19874.76;24374.70;;20000.00;
Гермиона Грейнджер;00-00001418;Клиент 94;Дары смерти;60000.00;33077.75;46440.25;;20000.00;
Гермиона Грейнджер;00-00000696;Клиент 21;Прыгающий котел;80000.00;;;;;
Гермиона Грейнджер;00-00000696;Клиент 21;Кубок Огня;;;;;;
Гермиона Грейнджер;00-00000696;Клиент 21;Карта Мародеров;;;;;;
Гермиона Грейнджер;00-00000696;Клиент 21;Дары смерти;100000.00;7556.80;;90000.00;;
Гермиона Грейнджер;УТ0000345  ;Клиент 319;Кубок Огня;;;;;;
Гермиона Грейнджер;00-00000450;Клиент 410;Карта Мародеров;;;;;;
Гермиона Грейнджер;00-00000878;Клиент 505;Кубок Огня;;;;;;
Гермиона Грейнджер;00-00000878;Клиент 505;Проявитель врагов;;;;;;
Гермиона Грейнджер;00-00000330;Клиент 381;Карта Мародеров;;;;;;
Гермиона Грейнджер;УТ0001132  ;Клиент 153;Кубок Огня;;;;;;
Гермиона Грейнджер;УТ0001132  ;Клиент 153;Карта Мародеров;120000.00;;;;;
Гермиона Грейнджер;00-00001036;Клиент 573;Карта Мародеров;;;;;;
Гермиона Грейнджер;00-00000297;Клиент 353;Кубок Огня;;;;;;
Гермиона Грейнджер;00-00000297;Клиент 353;Карта Мародеров;;;;;;
Гермиона Грейнджер;00-00000297;Клиент 353;Проявитель врагов;;;;;;
Гермиона Грейнджер;00-00000153;Клиент 384;Карта Мародеров;;;;;;
Гермиона Грейнджер;00-00000153;Клиент 384;Проявитель врагов;;;;;;
Гермиона Грейнджер;00-00000190;Клиент 383;Карта Мародеров;;;;;;
Гермиона Грейнджер;00-00000898;Клиент 46;Карта Мародеров;;;;;;
Гермиона Грейнджер;00-00000698;Клиент 456;Карта Мародеров;;;;;;
Гермиона Грейнджер;00-00002064;Клиент 294;Кубок Огня;;;;;;
Гермиона Грейнджер;00-00001057;Клиент 568;Карта Мародеров;;;;;;
Гермиона Грейнджер;00-00000645;Клиент 449;Карта Мародеров;;;;;;
Гермиона Грейнджер;00-00000645;Клиент 449;Проявитель врагов;;;;;;
Гермиона Грейнджер;00-00000645;Клиент 449;Кубок Огня;;;;;;
Гермиона Грейнджер;УТ0001118  ;Клиент 327;Карта Мародеров;;;;;;
Гермиона Грейнджер;УТ0001133  ;Клиент 394;Карта Мародеров;;;;;;
Гермиона Грейнджер;УТ0000349  ;Клиент 362;Прыгающий котел;;;;;;
Гермиона Грейнджер;УТ0001110  ;Клиент 12;Карта Мародеров;;;;;;
Гермиона Грейнджер;УТ0001110  ;Клиент 12;Прыгающий котел;;;;;;
Гермиона Грейнджер;00-00000782;Клиент 462;Карта Мародеров;;;;;;
Гермиона Грейнджер;00-00000171;Клиент 337;Карта Мародеров;;;;;;
Гермиона Грейнджер;УТ0001166  ;Клиент 338;Карта Мародеров;;;;;;
Гермиона Грейнджер;УТ0001166  ;Клиент 338;Кубок Огня;;;;;;
Гермиона Грейнджер;УТ0001166  ;Клиент 338;Прыгающий котел;;;;;;
Гермиона Грейнджер;00-00001119;Клиент 591;Омут памяти;;;;;;
Гермиона Грейнджер;00-00001119;Клиент 591;Карта Мародеров;;;;;;
Гермиона Грейнджер;00-00000392;Клиент 393;Карта Мародеров;;;;;;
Гермиона Грейнджер;00-00001588;Клиент 123;Карта Мародеров;;;;;;
Гермиона Грейнджер;00-00001588;Клиент 123;Кубок Огня;700000.00;12797.92;127934.19;;400000.00;
Гермиона Грейнджер;00-00001588;Клиент 123;Прыгающий котел;;;;;;
Гермиона Грейнджер;00-00000928;Клиент 53;Карта Мародеров;;;25116.00;;;
Гермиона Грейнджер;00-00000699;Клиент 457;Карта Мародеров;;;;;;
Сириус Блэк;00-00001943;Клиент 237;Мантия-невидимка;;;;;;
Сириус Блэк;00-00002009;Клиент 272;Мантия-невидимка;;;;;;
Сириус Блэк;00-00001786;Клиент 177;Мантия-невидимка;;;;;;
Сириус Блэк;00-00001786;Клиент 177;Кубок Огня;;;;;;
Сириус Блэк;00-00001961;Клиент 244;Мантия-невидимка;;9800.00;;;;
Сириус Блэк;00-00001982;Клиент 257;Кубок Огня;7000.00;;;;;7000.00
Сириус Блэк;00-00002037;Клиент 285;Кубок Огня;;;;;;
Сириус Блэк;00-00001523;Клиент 115;Мантия-невидимка;;;;;;
Сириус Блэк;00-00001245;Клиент 143;Кубок Огня;;;;;;
Сириус Блэк;00-00001245;Клиент 143;Мантия-невидимка;;;;;;
Сириус Блэк;00-00002085;Клиент 298;Кубок Огня;7000.00;;;;;
Сириус Блэк;00-00002022;Клиент 278;Карта Мародеров;7000.00;;;;;7000.00
Сириус Блэк;00-00001631;Клиент 127;Кубок Огня;25000.00;;;;;25000.00
Сириус Блэк;00-00001837;Клиент 765;Мантия-невидимка;;;;;;
Сириус Блэк;00-00001945;Клиент 238;Мантия-невидимка;;;;;;
Сириус Блэк;00-00001244;Клиент 665;Кубок Огня;;;;;;
Сириус Блэк;00-00001268;Клиент 146;Дары смерти;;;;;;
Сириус Блэк;00-00001268;Клиент 146;Кубок Огня;;;;;;
Сириус Блэк;00-00001554;Клиент 711;Кубок Огня;;;;;;
Сириус Блэк;00-00001490;Клиент 108;Кубок Огня;;;;;;
Сириус Блэк;00-00001490;Клиент 108;Прыгающий котел;;;;;;
Сириус Блэк;00-00001882;Клиент 206;Кубок Огня;154000.00;25640.00;20000.00;20000.00;50000.00;40000.00
Сириус Блэк;00-00002006;Клиент 270;Мантия-невидимка;;;;;;
Сириус Блэк;00-00001596;Клиент 124;Кубок Огня;68000.00;8424.00;15000.00;;30000.00;15000.00
Сириус Блэк;00-00001596;Клиент 124;Мантия-невидимка;;;;;;
Сириус Блэк;00-00002007;Клиент 271;Кубок Огня;;;;;;
Сириус Блэк;00-00001975;Клиент 253;Кубок Огня;;;;;;
Сириус Блэк;00-00001828;Клиент 191;Мантия-невидимка;25000.00;;;;25000.00;
Сириус Блэк;00-00001842;Клиент 195;Кубок Огня;;;;;;
Сириус Блэк;00-00001814;Клиент 185;Мантия-невидимка;;;;;;
Сириус Блэк;00-00001814;Клиент 185;Кубок Огня;;;;;;
Сириус Блэк;00-00001743;Клиент 165;Кубок Огня;;;;;;
Сириус Блэк;00-00002031;Клиент 282;Кубок Огня;14000.00;14255.00;;;;
Сириус Блэк;00-00001997;Клиент 265;Кубок Огня;70000.00;;;;;70000.00
Сириус Блэк;00-00001996;Клиент 264;Кубок Огня;70000.00;;;;;70000.00
Сириус Блэк;УТ0000542  ;Клиент 84;Кубок Огня;150000.00;;50000.00;;;100000.00
Сириус Блэк;УТ0000542  ;Клиент 84;Карта Мародеров;;;;;;
Сириус Блэк;00-00001866;Клиент 200;Кубок Огня;23000.00;;7000.00;;;21000.00
Сириус Блэк;00-00001866;Клиент 200;Мантия-невидимка;;;;;;
Сириус Блэк;00-00001932;Клиент 229;Кубок Огня;;;;;;
Сириус Блэк;00-00001867;Клиент 201;Мантия-невидимка;;;;;;
Сириус Блэк;00-00001231;Клиент 625;Кубок Огня;;;;;;
Сириус Блэк;00-00001231;Клиент 625;Карта Мародеров;;;;;;
Сириус Блэк;00-00002025;Клиент 281;Кубок Огня;;;;;;
Сириус Блэк;00-00001437;Клиент 98;Карта Мародеров;;;;;;
Сириус Блэк;00-00001437;Клиент 98;Кубок Огня;;;;;;
Сириус Блэк;00-00001437;Клиент 98;Дары смерти;;;;;;
Сириус Блэк;00-00001769;Клиент 173;Дары смерти;;;;;;
Сириус Блэк;00-00001802;Клиент 183;Кубок Огня;;;;;;
Сириус Блэк;00-00001768;Клиент 172;Кубок Огня;;;;;;
Сириус Блэк;00-00001844;Клиент 767;Прыгающий котел;;;;;;
Сириус Блэк;00-00001890;Клиент 208;Мантия-невидимка;30000.00;;;;45000.00;
Сириус Блэк;00-00001310;Клиент 304;Кубок Огня;;;;;;
Сириус Блэк;00-00001310;Клиент 304;Дары смерти;;;;;;
Сириус Блэк;00-00001677;Клиент 135;Кубок Огня;;;;;;
Сириус Блэк;00-00001677;Клиент 135;Дары смерти;;;;;;
Сириус Блэк;00-00001677;Клиент 135;Мантия-невидимка;;;;;;
Сириус Блэк;00-00001817;Клиент 187;Кубок Огня;;;;;;
Сириус Блэк;00-00001933;Клиент 230;Кубок Огня;;;;;;
Сириус Блэк;00-00001940;Клиент 234;Кубок Огня;;;;;;
Сириус Блэк;00-00001922;Клиент 224;Кубок Огня;;;;;;
Сириус Блэк;00-00001724;Клиент 750;Кубок Огня;;;;;;
Грозный Глаз Грюм;00-00001668;Клиент 132;Кубок Огня;20000.00;8662.00;;3000.00;;9000.00
Грозный Глаз Грюм;00-00001668;Клиент 132;Мантия-невидимка;10000.00;1800.00;;3200.00;;5000.00
Грозный Глаз Грюм;00-00001741;Клиент 164;Кубок Огня;10000.00;;;;;10000.00
Грозный Глаз Грюм;00-00001939;Клиент 233;Кубок Огня;10000.00;;;;;10000.00
Грозный Глаз Грюм;00-00001834;Клиент 193;Кубок Огня;10000.00;;;;;10000.00
Грозный Глаз Грюм;00-00001968;Клиент 249;Кубок Огня;14000.00;;;;;14000.00
Грозный Глаз Грюм;00-00001968;Клиент 249;Карта Мародеров;;;;;;
Грозный Глаз Грюм;00-00001946;Клиент 239;Кубок Огня;;;;;;
Грозный Глаз Грюм;00-00001946;Клиент 239;Дары смерти;;;;;;
Грозный Глаз Грюм;00-00001915;Клиент 220;Кубок Огня;15000.00;2626.00;;;;13000.00
Грозный Глаз Грюм;00-00001915;Клиент 220;Мантия-невидимка;;;;;;
Грозный Глаз Грюм;00-00001727;Клиент 161;Кубок Огня;;;;;;
Грозный Глаз Грюм;00-00001990;Клиент 261;Мантия-невидимка;10000.00;;;;10000.00;
Грозный Глаз Грюм;00-00001873;Клиент 202;Кубок Огня;;;;;;
Грозный Глаз Грюм;00-00001924;Клиент 226;Кубок Огня;20000.00;;;;;20000.00
Грозный Глаз Грюм;00-00001270;Клиент 147;Кубок Огня;15000.00;2851.00;;5000.00;;8000.00
Грозный Глаз Грюм;00-00001270;Клиент 147;Проявитель врагов;;;;;;
Грозный Глаз Грюм;00-00001270;Клиент 147;Карта Мародеров;;;;;;
Грозный Глаз Грюм;00-00001270;Клиент 147;Дары смерти;;;;;;
Грозный Глаз Грюм;00-00001270;Клиент 147;Мантия-невидимка;;;;;;
Грозный Глаз Грюм;00-00001538;Клиент 118;Кубок Огня;15000.00;9795.00;;7000.00;;
Грозный Глаз Грюм;00-00001719;Клиент 159;Кубок Огня;;;;;;
Грозный Глаз Грюм;00-00001719;Клиент 159;Мантия-невидимка;10000.00;;;;;10000.00
Грозный Глаз Грюм;00-00001443;Клиент 102;Кубок Огня;30000.00;;;;30000.00;
Грозный Глаз Грюм;00-00001789;Клиент 179;Кубок Огня;10000.00;;;;;10000.00
Грозный Глаз Грюм;00-00001789;Клиент 179;Мантия-невидимка;;;;;;
Грозный Глаз Грюм;00-00001519;Клиент 114;Кубок Огня;30000.00;;;;30000.00;
Грозный Глаз Грюм;00-00001439;Клиент 99;Кубок Огня;15000.00;;;;15000.00;
Грозный Глаз Грюм;00-00001442;Клиент 101;Кубок Огня;30000.00;;;;30000.00;
Грозный Глаз Грюм;00-00001962;Клиент 245;Мантия-невидимка;26000.00;26830.00;;;;
Грозный Глаз Грюм;00-00001262;Клиент 144;Кубок Огня;;;;;;
Ньют Скамандер;00-00001984;Клиент 258;Кубок Огня;40000.00;19365.00;;;;20000.00
Ньют Скамандер;00-00001307;Клиент 303;Кубок Огня;60000.00;;;30000.00;;30000.00
Ньют Скамандер;00-00001307;Клиент 303;Проявитель врагов;;;;;;
Ньют Скамандер;00-00001307;Клиент 303;Мантия-невидимка;5000.00;;;5000.00;;
Ньют Скамандер;00-00001910;Клиент 217;Кубок Огня;;;;;;
Ньют Скамандер;00-00001910;Клиент 217;Мантия-невидимка;;;;;;
Ньют Скамандер;00-00001897;Клиент 212;Кубок Огня;15000.00;4910.00;;;5000.00;
Ньют Скамандер;00-00001897;Клиент 212;Мантия-невидимка;;;;;;
Ньют Скамандер;00-00001921;Клиент 223;Кубок Огня;20000.00;;;20000.00;;
Ньют Скамандер;00-00001921;Клиент 223;Карта Мародеров;;;;;;
Ньют Скамандер;00-00002062;Клиент 293;Мантия-невидимка;20000.00;18310.00;;;;
Ньют Скамандер;00-00001766;Клиент 171;Мантия-невидимка;30000.00;;;30000.00;;
Ньют Скамандер;00-00001766;Клиент 171;Кубок Огня;;;;;;
Ньют Скамандер;00-00001766;Клиент 171;Карта Мародеров;;;;;;
Ньют Скамандер;00-00001923;Клиент 225;Мантия-невидимка;15000.00;;;;15000.00;
Ньют Скамандер;00-00001923;Клиент 225;Кубок Огня;;;;;;
Ньют Скамандер;00-00002002;Клиент 267;Кубок Огня;5000.00;;;;5000.00;
Ньют Скамандер;00-00002074;Клиент 296;Мантия-невидимка;30000.00;;;15000.00;;15000.00
Ньют Скамандер;00-00001911;Клиент 218;Кубок Огня;;;;;;
Ньют Скамандер;00-00002036;Клиент 284;Мантия-невидимка;10000.00;;;;;10000.00
Ньют Скамандер;00-00002056;Клиент 291;Мантия-невидимка;50000.00;;;;50000.00;
Ньют Скамандер;00-00002056;Клиент 291;Кубок Огня;;;;;;
Ньют Скамандер;00-00002017;Клиент 275;Кубок Огня;;;;;;
Ньют Скамандер;00-00002017;Клиент 275;Мантия-невидимка;;;;;;
Ньют Скамандер;00-00002087;Клиент 300;Мантия-невидимка;10000.00;;;10000.00;;
Ньют Скамандер;00-00001881;Клиент 205;Кубок Огня;;;;;;
Ньют Скамандер;00-00001188;Клиент 79;Кубок Огня;20000.00;;;;;20000.00
Ньют Скамандер;00-00001188;Клиент 79;Дары смерти;;;;;;
Ньют Скамандер;00-00002003;Клиент 268;Кубок Огня;200000.00;;;;200000.00;
Ньют Скамандер;00-00002019;Клиент 276;Карта Мародеров;;;;;;
Ньют Скамандер;00-00002019;Клиент 276;Дары смерти;;;;;;
Ньют Скамандер;00-00002019;Клиент 276;Кубок Огня;70000.00;;;;50000.00;
Ньют Скамандер;00-00002035;Клиент 283;Мантия-невидимка;60000.00;;41508.00;;30000.00;
Ньют Скамандер;00-00001678;Клиент 136;Кубок Огня;;;;;;
Ньют Скамандер;00-00001210;Клиент 139;Кубок Огня;80000.00;;;50000.00;;20000.00
Ньют Скамандер;00-00001963;Клиент 246;Мантия-невидимка;;;;;;
Ньют Скамандер;00-00001511;Клиент 112;Мантия-невидимка;20000.00;;;;20000.00;
Ньют Скамандер;00-00001511;Клиент 112;Кубок Огня;;;;;;
Ньют Скамандер;00-00002045;Клиент 289;Кубок Огня;10000.00;;;10000.00;;
Ньют Скамандер;00-00002045;Клиент 289;Мантия-невидимка;5000.00;;;5000.00;;
Ньют Скамандер;00-00001908;Клиент 216;Мантия-невидимка;;;;;;
Ньют Скамандер;00-00001536;Клиент 117;Мантия-невидимка;;;;;;
Ньют Скамандер;00-00001536;Клиент 117;Кубок Огня;;;24651.00;;;
Ньют Скамандер;00-00001536;Клиент 117;Карта Мародеров;;;;;;
Ньют Скамандер;00-00001907;Клиент 215;Кубок Огня;35000.00;;;20000.00;;15000.00
Ньют Скамандер;00-00001907;Клиент 215;Мантия-невидимка;;;;;;
Ньют Скамандер;00-00001960;Клиент 243;Мантия-невидимка;15000.00;;;15000.00;;
Ньют Скамандер;00-00001960;Клиент 243;Кубок Огня;5000.00;;;5000.00;;
Ньют Скамандер;00-00001987;Клиент 260;Мантия-невидимка;20000.00;;;;20000.00;
Беллатриса Лестрейндж;УТ0001138  ;Клиент 154;Кубок Огня;250000.00;;98914.50;100000.00;;100000.00
Беллатриса Лестрейндж;УТ0001138  ;Клиент 154;Карта Мародеров;;;;;;
Беллатриса Лестрейндж;УТ0001138  ;Клиент 154;Прыгающий котел;;;;;;
Беллатриса Лестрейндж;00-00000614;Клиент 18;Кубок Огня;60000.00;;;;60000.00;
Беллатриса Лестрейндж;00-00000614;Клиент 18;Дары смерти;;;;;;
Беллатриса Лестрейндж;00-00000614;Клиент 18;Прыгающий котел;;;;;;
Беллатриса Лестрейндж;00-00000943;Клиент 19;Кубок Огня;;;;;;
Беллатриса Лестрейндж;00-00000943;Клиент 19;Карта Мародеров;;;;;;
Беллатриса Лестрейндж;00-00000455;Клиент 412;Кубок Огня;;;;;;
Беллатриса Лестрейндж;УТ0000753  ;Клиент 32;Кубок Огня;45000.00;6987.20;;;;40000.00
Беллатриса Лестрейндж;УТ0000753  ;Клиент 32;Карта Мародеров;;;;;;
Беллатриса Лестрейндж;УТ0000753  ;Клиент 32;Проявитель врагов;;;;;;
Беллатриса Лестрейндж;УТ0000751  ;Клиент 30;Кубок Огня;50000.00;;31508.40;;50000.00;
Беллатриса Лестрейндж;УТ0000752  ;Клиент 31;Кубок Огня;70000.00;;34733.60;;70000.00;
Беллатриса Лестрейндж;УТ0000752  ;Клиент 31;Карта Мародеров;;;;;;
Беллатриса Лестрейндж;УТ0000752  ;Клиент 31;Прыгающий котел;;;;;;
Беллатриса Лестрейндж;УТ0001039  ;Клиент 1;Кубок Огня;140000.00;;;;;70000.00
Беллатриса Лестрейндж;УТ0001039  ;Клиент 1;Дары смерти;;;;;;
Беллатриса Лестрейндж;УТ0001039  ;Клиент 1;Карта Мародеров;;;;;;
Беллатриса Лестрейндж;00-00000132;Клиент 43;Кубок Огня;;;;;;
Беллатриса Лестрейндж;00-00000132;Клиент 43;Проявитель врагов;;;;;;
Беллатриса Лестрейндж;00-00000132;Клиент 43;Карта Мародеров;;;;;;
Беллатриса Лестрейндж;00-00000132;Клиент 43;Дары смерти;;;;;;
Беллатриса Лестрейндж;00-00000623;Клиент 443;Кубок Огня;;;;;;
Беллатриса Лестрейндж;00-00000623;Клиент 443;Карта Мародеров;;;;;;
Беллатриса Лестрейндж;00-00000622;Клиент 6;Кубок Огня;400000.00;;;;400000.00;
Беллатриса Лестрейндж;00-00000622;Клиент 6;Мантия-невидимка;30000.00;;;;30000.00;
Беллатриса Лестрейндж;00-00000622;Клиент 6;Карта Мародеров;;;;;;
Беллатриса Лестрейндж;00-00000622;Клиент 6;Прыгающий котел;;;;;;
Беллатриса Лестрейндж;00-00000622;Клиент 6;Дары смерти;;;;;;
Беллатриса Лестрейндж;00-00000624;Клиент 444;Кубок Огня;;;;;;
Беллатриса Лестрейндж;00-00000624;Клиент 444;Проявитель врагов;;;;;;
Беллатриса Лестрейндж;00-00000199;Клиент 323;Кубок Огня;;;;;;
Беллатриса Лестрейндж;00-00000199;Клиент 323;Карта Мародеров;;;;;;
Беллатриса Лестрейндж;00-00000111;Клиент 321;Кубок Огня;;;;;;
Беллатриса Лестрейндж;00-00000111;Клиент 321;Карта Мародеров;;;;;;
Беллатриса Лестрейндж;00-00001542;Клиент 709;Кубок Огня;;;;;;
Беллатриса Лестрейндж;00-00001900;Клиент 213;Кубок Огня;;;5763.00;;;
Беллатриса Лестрейндж;00-00001900;Клиент 213;Мантия-невидимка;;;;;;
Беллатриса Лестрейндж;00-00000629;Клиент 446;Кубок Огня;;;;;;
Беллатриса Лестрейндж;00-00000922;Клиент 520;Кубок Огня;;;;;;
Беллатриса Лестрейндж;УТ0000751  ;Клиент 30;Кубок Огня;590000.00;;96725.75;;300000.00;150000.00
Беллатриса Лестрейндж;00-00001471;Клиент 104;Кубок Огня;;;37990.75;;;
Беллатриса Лестрейндж;00-00000200;Клиент 320;Кубок Огня;;;;;;
Беллатриса Лестрейндж;00-00000200;Клиент 320;Карта Мародеров;;;;;;
Беллатриса Лестрейндж;00-00000473;Клиент 414;Кубок Огня;;;;;;
Беллатриса Лестрейндж;00-00000473;Клиент 414;Карта Мародеров;;;;;;
Беллатриса Лестрейндж;00-00000191;Клиент 374;Кубок Огня;;;;;;
Беллатриса Лестрейндж;00-00000191;Клиент 374;Карта Мародеров;;;;;;
Беллатриса Лестрейндж;УТ0001015  ;Клиент 56;Кубок Огня;;;;;;
Беллатриса Лестрейндж;УТ0000953  ;Клиент 33;Кубок Огня;80000.00;;64413.00;;;50000.00
Беллатриса Лестрейндж;00-00000507;Клиент 421;Проявитель врагов;;;;;;
Беллатриса Лестрейндж;00-00000507;Клиент 421;Карта Мародеров;;;;;;
Беллатриса Лестрейндж;00-00000507;Клиент 421;Кубок Огня;;;;;;
Беллатриса Лестрейндж;00-00000777;Клиент 461;Проявитель врагов;;;;;;
Беллатриса Лестрейндж;00-00000777;Клиент 461;Кубок Огня;;;;;;
Беллатриса Лестрейндж;УТ0000785  ;Клиент 326;Кубок Огня;;;;;;
Беллатриса Лестрейндж;УТ0001074  ;Клиент 73;Кубок Огня;110000.00;9494.50;;;50000.00;50000.00
Беллатриса Лестрейндж;УТ0001074  ;Клиент 73;Проявитель врагов;;;;;;
Беллатриса Лестрейндж;УТ0001074  ;Клиент 73;Дары смерти;;;;;;
Беллатриса Лестрейндж;00-00000302;Клиент 369;Кубок Огня;;;;;;
Беллатриса Лестрейндж;00-00000579;Клиент 438;Кубок Огня;;;;;;
Беллатриса Лестрейндж;00-00001491;Клиент 109;Кубок Огня;120000.00;;11796.40;;50000.00;50000.00
Беллатриса Лестрейндж;00-00001237;Клиент 626;Кубок Огня;;;;;;
Беллатриса Лестрейндж;00-00001011;Клиент 551;Кубок Огня;;;;;;
Беллатриса Лестрейндж;УТ0001187  ;Клиент 22;Кубок Огня;;;;;;
Беллатриса Лестрейндж;УТ0001187  ;Клиент 22;Карта Мародеров;;;;;;
Беллатриса Лестрейндж;00-00000977;Клиент 9;Кубок Огня;40000.00;;20697.50;;40000.00;
Беллатриса Лестрейндж;00-00000976;Клиент 8;Кубок Огня;40000.00;;16137.25;;40000.00;
Беллатриса Лестрейндж;00-00000976;Клиент 8;Карта Мародеров;;;;;;
Беллатриса Лестрейндж;УТ0000683  ;Клиент 2;Кубок Огня;;;;;;
Беллатриса Лестрейндж;УТ0000683  ;Клиент 2;Карта Мародеров;;;;;;
Беллатриса Лестрейндж;00-00000558;Клиент 431;Кубок Огня;;;;;;
Беллатриса Лестрейндж;00-00001021;Клиент 557;Кубок Огня;;;;;;
Беллатриса Лестрейндж;00-00000959;Клиент 51;Проявитель врагов;;;;;;
Беллатриса Лестрейндж;00-00000959;Клиент 51;Кубок Огня;;;;;;
Беллатриса Лестрейндж;00-00000959;Клиент 51;Карта Мародеров;;;;;;
Беллатриса Лестрейндж;00-00001030;Клиент 561;Кубок Огня;;;;;;
Беллатриса Лестрейндж;00-00001030;Клиент 561;Карта Мародеров;;;;;;
Беллатриса Лестрейндж;00-00001860;Клиент 772;Кубок Огня;50000.00;;;;50000.00;
Беллатриса Лестрейндж;00-00000902;Клиент 514;Кубок Огня;;;;;;
Беллатриса Лестрейндж;00-00000902;Клиент 514;Дары смерти;;;;;;
Беллатриса Лестрейндж;00-00001106;Клиент 58;Кубок Огня;30000.00;;;;;30000.00
Беллатриса Лестрейндж;00-00000489;Клиент 418;Кубок Огня;;;;;;
Беллатриса Лестрейндж;00-00000489;Клиент 418;Дары смерти;;;;;;
Беллатриса Лестрейндж;00-00000489;Клиент 418;Проявитель врагов;;;;;;
Беллатриса Лестрейндж;00-00001173;Клиент 605;Кубок Огня;;;;;;
Беллатриса Лестрейндж;00-00001723;Клиент 160;Кубок Огня;30000.00;;;;30000.00;
Беллатриса Лестрейндж;00-00001723;Клиент 160;Прыгающий котел;;;;;;
Беллатриса Лестрейндж;00-00001723;Клиент 160;Дары смерти;;;;;;
Беллатриса Лестрейндж;00-00001455;Клиент 695;Кубок Огня;;;;;;
Беллатриса Лестрейндж;00-00001321;Клиент 68;Кубок Огня;150000.00;;;100000.00;;30000.00
Беллатриса Лестрейндж;00-00001321;Клиент 68;Проявитель врагов;;;;;;
Беллатриса Лестрейндж;00-00001321;Клиент 68;Прыгающий котел;;;;;;
Беллатриса Лестрейндж;00-00001321;Клиент 68;Дары смерти;;;;;;
Беллатриса Лестрейндж;00-00001321;Клиент 68;Мантия-невидимка;;;;;;
Беллатриса Лестрейндж;00-00001251;Клиент 634;Карта Мародеров;;;;;;
Беллатриса Лестрейндж;00-00001878;Клиент 204;Кубок Огня;40000.00;;;;40000.00;
Беллатриса Лестрейндж;00-00001349;Клиент 71;Кубок Огня;80000.00;;;;;80000.00
Беллатриса Лестрейндж;00-00001349;Клиент 71;Карта Мародеров;;;;;;
Беллатриса Лестрейндж;00-00001349;Клиент 71;Дары смерти;;;;;;
Беллатриса Лестрейндж;00-00001349;Клиент 71;Прыгающий котел;;;;;;
Беллатриса Лестрейндж;00-00001522;Клиент 705;Кубок Огня;;;;;;
Беллатриса Лестрейндж;УТ0000666  ;Клиент 3;Кубок Огня;;;;;;
Беллатриса Лестрейндж;00-00001200;Клиент 81;Кубок Огня;300000.00;;;;270000.00;
Беллатриса Лестрейндж;00-00001200;Клиент 81;Проявитель врагов;;;;;;
Беллатриса Лестрейндж;00-00001200;Клиент 81;Дары смерти;;;;;;
Беллатриса Лестрейндж;00-00001200;Клиент 81;Прыгающий котел;;;;;;
Беллатриса Лестрейндж;00-00001402;Клиент 682;Кубок Огня;;;;;;
Беллатриса Лестрейндж;00-00001402;Клиент 682;Дары смерти;;;;;;
Беллатриса Лестрейндж;00-00001127;Клиент 60;Кубок Огня;80000.00;;;;80000.00;
Беллатриса Лестрейндж;00-00000367;Клиент 386;Карта Мародеров;;;;;;
Беллатриса Лестрейндж;00-00001441;Клиент 100;Кубок Огня;120000.00;;;;;120000.00
Беллатриса Лестрейндж;00-00002010;Клиент 273;Кубок Огня;;;;;;
Беллатриса Лестрейндж;00-00001876;Клиент 777;Кубок Огня;;;;;;
Беллатриса Лестрейндж;00-00001180;Клиент 66;Проявитель врагов;;;;;;
Беллатриса Лестрейндж;00-00001180;Клиент 66;Дары смерти;;;;;;
Беллатриса Лестрейндж;00-00001180;Клиент 66;Кубок Огня;70000.00;;;;70000.00;
Беллатриса Лестрейндж;00-00001925;Клиент 227;Кубок Огня;;;;;;
Беллатриса Лестрейндж;00-00001425;Клиент 95;Дары смерти;20000.00;;;;20000.00;
Беллатриса Лестрейндж;00-00001425;Клиент 95;Кубок Огня;100000.00;;;;100000.00;
Беллатриса Лестрейндж;00-00001425;Клиент 95;Прыгающий котел;;;;;;
Беллатриса Лестрейндж;00-00001912;Клиент 219;Кубок Огня;;;;;;
Беллатриса Лестрейндж;00-00001796;Клиент 759;Кубок Огня;;;;;;
Беллатриса Лестрейндж;00-00002073;Клиент 295;Кубок Огня;100000.00;;;;100000.00;
Беллатриса Лестрейндж;00-00001807;Клиент 184;Кубок Огня;100000.00;;;;;100000.00
Беллатриса Лестрейндж;00-00001370;Клиент 88;Кубок Огня;30000.00;11110.00;;;;30000.00
Беллатриса Лестрейндж;00-00001148;Клиент 62;Кубок Огня;100000.00;;;;50000.00;50000.00
Беллатриса Лестрейндж;00-00001187;Клиент 78;Кубок Огня;60000.00;;;30000.00;30000.00;
Беллатриса Лестрейндж;УТ0000639  ;Клиент 41;Кубок Огня;350000.00;;;;300000.00;
Беллатриса Лестрейндж;00-00001191;Клиент 80;Кубок Огня;;;;;;
Беллатриса Лестрейндж;00-00000795;Клиент 465;Кубок Огня;;;;;;
Беллатриса Лестрейндж;00-00000795;Клиент 465;Карта Мародеров;;;;;;
Беллатриса Лестрейндж;00-00000949;Клиент 47;Кубок Огня;100000.00;;;;;80000.00
Беллатриса Лестрейндж;00-00000949;Клиент 47;Проявитель врагов;;;;;;
Беллатриса Лестрейндж;00-00000949;Клиент 47;Карта Мародеров;;;;;;
Беллатриса Лестрейндж;00-00000949;Клиент 47;Дары смерти;;;;;;
Беллатриса Лестрейндж;00-00000949;Клиент 47;Прыгающий котел;;;;;;
Беллатриса Лестрейндж;00-00000949;Клиент 47;Мантия-невидимка;;;;;;
Рон Уизли;00-00001295;Клиент 151;Кубок Огня;75000.00;;;49610.25;;25000.00
Рон Уизли;00-00001295;Клиент 151;Карта Мародеров;;;;;;
Рон Уизли;00-00001046;Клиент 36;Кубок Огня;;;;;15000.00;
Рон Уизли;00-00001564;Клиент 712;Дары смерти;;;;;;
Рон Уизли;00-00001246;Клиент 629;Кубок Огня;10000.00;;;;10000.00;
Рон Уизли;00-00001547;Клиент 119;Дары смерти;5000.00;;;;;
Рон Уизли;00-00001390;Клиент 677;Дары смерти;;;;;;
Рон Уизли;00-00001823;Клиент 190;Дары смерти;10000.00;;;6127.00;;
Рон Уизли;00-00001993;Клиент 263;Кубок Огня;;;;;;
Рон Уизли;00-00001165;Клиент 64;Кубок Огня;5000.00;;;;2000.00;
Рон Уизли;00-00001165;Клиент 64;Мантия-невидимка;5000.00;;;;1780.00;
Рон Уизли;00-00001669;Клиент 133;Кубок Огня;;;;;;
Рон Уизли;00-00002020;Клиент 277;Мантия-невидимка;;;;;;
Рон Уизли;00-00001736;Клиент 163;Кубок Огня;35000.00;;32900.60;;;
Рон Уизли;00-00001966;Клиент 248;Кубок Огня;;;;;;
Рон Уизли;00-00001682;Клиент 137;Кубок Огня;80000.00;;;52236.05;20000.00;10000.00
Рон Уизли;00-00001682;Клиент 137;Прыгающий котел;;;;;;
Рон Уизли;00-00001682;Клиент 137;Дары смерти;;;;;;
Рон Уизли;00-00001682;Клиент 137;Мантия-невидимка;;;;;;
Рон Уизли;00-00001682;Клиент 137;Карта Мародеров;;;1200.00;;;
Рон Уизли;00-00001682;Клиент 137;Проявитель врагов;;;485.00;;;
Рон Уизли;00-00001716;Клиент 158;Дары смерти;;;;;;
Рон Уизли;00-00001317;Клиент 648;Кубок Огня;10000.00;;;;10000.00;
Рон Уизли;00-00001819;Клиент 189;Мантия-невидимка;15000.00;;;14355.00;;
Рон Уизли;00-00001819;Клиент 189;Кубок Огня;;;;3090.00;;
Рон Уизли;00-00000988;Клиент 14;Кубок Огня;25000.00;;28865.75;;;
Рон Уизли;00-00000988;Клиент 14;Карта Мародеров;;;;;;
Рон Уизли;00-00000988;Клиент 14;Дары смерти;5000.00;;;;;5000.00
Рон Уизли;00-00000988;Клиент 14;Мантия-невидимка;5000.00;;;;;5000.00
Рон Уизли;00-00001413;Клиент 92;Кубок Огня;;;;;;
Рон Уизли;00-00001413;Клиент 92;Проявитель врагов;;;;;;
Рон Уизли;00-00001413;Клиент 92;Мантия-невидимка;;;;;;
Рон Уизли;00-00001598;Клиент 728;Мантия-невидимка;;;;;;
Рон Уизли;00-00001598;Клиент 728;Кубок Огня;;;;;;
Рон Уизли;00-00001211;Клиент 140;Кубок Огня;10000.00;;;9900.00;;
Рон Уизли;00-00001211;Клиент 140;Проявитель врагов;;;;;;
Рон Уизли;00-00001211;Клиент 140;Карта Мародеров;;;;;;
Рон Уизли;00-00001211;Клиент 140;Дары смерти;;;;;;
Рон Уизли;00-00001006;Клиент 75;Кубок Огня;20000.00;;;;25000.00;
Рон Уизли;00-00002000;Клиент 266;Мантия-невидимка;;;;;;
Рон Уизли;00-00002000;Клиент 266;Кубок Огня;;;;;;
Рон Уизли;00-00002074;Клиент 296;Кубок Огня;;;;;;
Рон Уизли;00-00001673;Клиент 738;Кубок Огня;;;;;;
Рон Уизли;00-00001958;Клиент 242;Кубок Огня;5000.00;;;5420.00;;
Рон Уизли;00-00001958;Клиент 242;Мантия-невидимка;5000.00;;;;;
Рон Уизли;00-00001864;Клиент 198;Кубок Огня;5000.00;;;;;
Рон Уизли;00-00001007;Клиент 558;Кубок Огня;50000.00;;;45000.00;;
Рон Уизли;00-00001778;Клиент 174;Кубок Огня;15000.00;;;;15000.00;
Рон Уизли;00-00001833;Клиент 764;Проявитель врагов;;;;;;
Рон Уизли;00-00002093;Клиент 302;Дары смерти;;;15431.00;;;
Рон Уизли;00-00001637;Клиент 129;Дары смерти;10000.00;;;;;10000.00
Рон Уизли;00-00001980;Клиент 256;Кубок Огня;;;;;;
Рон Уизли;00-00001715;Клиент 749;Кубок Огня;;;;;;
Рон Уизли;00-00000989;Клиент 15;Кубок Огня;5000.00;;;;5000.00;
Рон Уизли;00-00000989;Клиент 15;Проявитель врагов;;;;;;
Рон Уизли;00-00001831;Клиент 192;Кубок Огня;10000.00;;;;10000.00;
Рон Уизли;00-00001831;Клиент 192;Мантия-невидимка;5000.00;;;;5000.00;
Рон Уизли;00-00001670;Клиент 134;Кубок Огня;20000.00;;;;;20000.00
Рон Уизли;00-00001498;Клиент 111;Кубок Огня;;;;;;
Рон Уизли;00-00001498;Клиент 111;Мантия-невидимка;;;;;;
Рон Уизли;00-00001748;Клиент 166;Кубок Огня;;;16376.50;;;
Рон Уизли;00-00001748;Клиент 166;Дары смерти;;;;;;
Рон Уизли;00-00001364;Клиент 87;Кубок Огня;;;;;;
Рон Уизли;00-00001364;Клиент 87;Проявитель врагов;;;;;;
Рон Уизли;00-00001364;Клиент 87;Мантия-невидимка;;;;;;
Рон Уизли;00-00001364;Клиент 87;Карта Мародеров;;;;;;
Рон Уизли;00-00001887;Клиент 779;Мантия-невидимка;;;;;;
Рон Уизли;00-00001340;Клиент 70;Кубок Огня;25000.00;;;40861.00;;
Рон Уизли;00-00001340;Клиент 70;Проявитель врагов;;;;;;
Рон Уизли;00-00001340;Клиент 70;Карта Мародеров;;;;;;
Рон Уизли;00-00001056;Клиент 39;Кубок Огня;10000.00;;;;12000.00;
Рон Уизли;00-00001941;Клиент 235;Мантия-невидимка;10000.00;;;;;10000.00
Рон Уизли;00-00001691;Клиент 309;Кубок Огня;;;;;;
Рон Уизли;00-00001691;Клиент 309;Кубок Огня;;;;;;
Рон Уизли;00-00001044;Клиент 35;Кубок Огня;;;;;;
Рон Уизли;00-00001597;Клиент 724;Кубок Огня;;;;;;
Рон Уизли;00-00001597;Клиент 724;Проявитель врагов;;;;;;
Рон Уизли;00-00001207;Клиент 83;Кубок Огня;25000.00;;;23749.25;;
Рон Уизли;00-00001207;Клиент 83;Проявитель врагов;;;;;;
Рон Уизли;00-00001977;Клиент 254;Мантия-невидимка;20000.00;;;;20000.00;
Рон Уизли;00-00001977;Клиент 254;Кубок Огня;;;;;;
Рон Уизли;00-00001977;Клиент 254;Проявитель врагов;;;;;;
Рон Уизли;00-00001977;Клиент 254;Дары смерти;;;;;;
Рон Уизли;00-00001977;Клиент 254;Прыгающий котел;;;;;;
Рон Уизли;00-00001028;Клиент 572;Кубок Огня;;;;;;
Рон Уизли;00-00001028;Клиент 572;Дары смерти;;;;;;
Рон Уизли;00-00001283;Клиент 150;Проявитель врагов;;;;;;
Рон Уизли;00-00001283;Клиент 150;Кубок Огня;;;;;;
Рон Уизли;00-00001204;Клиент 82;Кубок Огня;10000.00;;;;10000.00;
Рон Уизли;00-00001204;Клиент 82;Проявитель врагов;;;;;;
Рон Уизли;00-00001204;Клиент 82;Дары смерти;;;;;;
Рон Уизли;00-00002061;Клиент 292;Мантия-невидимка;;;;;;
Рон Уизли;00-00001620;Клиент 732;Дары смерти;;;;;;
Рон Уизли;00-00001620;Клиент 732;Кубок Огня;;;;;;
Рон Уизли;00-00001871;Клиент 776;Кубок Огня;;;;;;
Рон Уизли;00-00001707;Клиент 156;Кубок Огня;;;;;;
Рон Уизли;00-00001888;Клиент 207;Мантия-невидимка;;;;8180.00;;
Рон Уизли;00-00001002;Клиент 548;Кубок Огня;;;;;;
Рон Уизли;00-00001002;Клиент 548;Проявитель врагов;;;;;;
Рон Уизли;00-00001416;Клиент 93;Кубок Огня;;;;;;
Рон Уизли;00-00001688;Клиент 740;Кубок Огня;10000.00;;;;;
Рон Уизли;00-00000548;Клиент 55;Кубок Огня;10000.00;;;;10000.00;
Рон Уизли;00-00000548;Клиент 55;Карта Мародеров;;;;;;
Рон Уизли;00-00001750;Клиент 168;Кубок Огня;;;;;;
Рон Уизли;00-00002044;Клиент 288;Кубок Огня;;;;;;
Рон Уизли;00-00001332;Клиент 69;Кубок Огня;;;;;;
Рон Уизли;00-00001332;Клиент 69;Мантия-невидимка;;;-53740.00;;;
Рон Уизли;00-00001730;Клиент 162;Кубок Огня;;;;34567.00;;
Рон Уизли;00-00001466;Клиент 103;Кубок Огня;;;;;;
Рон Уизли;00-00001466;Клиент 103;Проявитель врагов;;;;;;
Рон Уизли;00-00001466;Клиент 103;Карта Мародеров;;;;;;
Рон Уизли;00-00001466;Клиент 103;Дары смерти;;;;;;
Рон Уизли;00-00001466;Клиент 103;Мантия-невидимка;;;;;;
Рон Уизли;00-00001829;Клиент 763;Кубок Огня;;;;;;
Рон Уизли;00-00001985;Клиент 259;Кубок Огня;;;;;;
Рон Уизли;00-00001761;Клиент 170;Мантия-невидимка;60000.00;;11118.00;8000.00;10000.00;20000.00
Рон Уизли;00-00001761;Клиент 170;Кубок Огня;;;;;;
Рон Уизли;00-00001761;Клиент 170;Карта Мародеров;;;;;;
Рон Уизли;00-00001761;Клиент 170;Дары смерти;;;;;;
Рон Уизли;00-00001047;Клиент 37;Кубок Огня;;;;;;
Рон Уизли;00-00001412;Клиент 91;Кубок Огня;5000.00;;;;6000.00;
Рон Уизли;00-00001412;Клиент 91;Дары смерти;;;;;;
Рон Уизли;00-00001749;Клиент 167;Кубок Огня;;;;;;
Рон Уизли;00-00001749;Клиент 167;Мантия-невидимка;;;;;;
Рон Уизли;00-00001749;Клиент 167;Дары смерти;;;;;;
Рон Уизли;00-00000458;Клиент 20;Кубок Огня;;;;;;
Рон Уизли;00-00001265;Клиент 145;Кубок Огня;10000.00;;;10000.00;;
Рон Уизли;00-00001265;Клиент 145;Дары смерти;;;;;;
Рон Уизли;00-00001170;Клиент 65;Карта Мародеров;;;;;;
Рон Уизли;00-00001170;Клиент 65;Кубок Огня;10000.00;;;;5000.00;
Рон Уизли;00-00001757;Клиент 169;Дары смерти;;;;;;
Рон Уизли;00-00001526;Клиент 116;Кубок Огня;10000.00;;;;;
Рон Уизли;00-00001800;Клиент 182;Кубок Огня;30000.00;;;;10000.00;10000.00
Рон Уизли;00-00001800;Клиент 182;Дары смерти;;;;;;
Рон Уизли;00-00001800;Клиент 182;Мантия-невидимка;;;;;;
Рон Уизли;00-00001949;Клиент 240;Кубок Огня;10000.00;;;;10000.00;
Рон Уизли;00-00001857;Клиент 771;Мантия-невидимка;;;;;;
Рон Уизли;00-00001857;Клиент 771;Кубок Огня;;;;;;
Рон Уизли;00-00001857;Клиент 771;Карта Мародеров;;;;;;
Рон Уизли;00-00001634;Клиент 733;Кубок Огня;;;;;;
Рон Уизли;00-00001972;Клиент 251;Кубок Огня;;;;;;
Рон Уизли;00-00001849;Клиент 770;Проявитель врагов;;;;;;
Рон Уизли;00-00001150;Клиент 63;Кубок Огня;;;;;;
Рон Уизли;00-00001845;Клиент 196;Мантия-невидимка;15000.00;;;15000.00;;
Рон Уизли;00-00001863;Клиент 775;Кубок Огня;;;;;;
Рон Уизли;00-00001695;Клиент 155;Кубок Огня;;;;;;
Рон Уизли;00-00001695;Клиент 155;Дары смерти;;;;;;
Рон Уизли;00-00001484;Клиент 107;Проявитель врагов;;;;;;
Рон Уизли;00-00001484;Клиент 107;Кубок Огня;;;;;;
Рон Уизли;00-00001484;Клиент 107;Карта Мародеров;;;;;;
Рон Уизли;00-00001484;Клиент 107;Мантия-невидимка;;;;;;
Рон Уизли;00-00001893;Клиент 209;Мантия-невидимка;;;;;;
Рон Уизли;00-00002042;Клиент 287;Кубок Огня;10000.00;;9545.00;;;
Рон Уизли;00-00001194;Клиент 610;Кубок Огня;;;;;;
Рон Уизли;00-00001194;Клиент 610;Дары смерти;;;;;;
Рон Уизли;00-00001194;Клиент 610;Мантия-невидимка;;;;;;
Рон Уизли;00-00001858;Клиент 773;Кубок Огня;;;;;;
Рон Уизли;00-00001858;Клиент 773;Мантия-невидимка;;;;;;
Рон Уизли;00-00001494;Клиент 110;Кубок Огня;10000.00;;;;;
Рон Уизли;00-00000969;Клиент 542;Кубок Огня;;;;;;
Рон Уизли;00-00000969;Клиент 542;Карта Мародеров;;;;;;
Рон Уизли;00-00000969;Клиент 542;Проявитель врагов;;;;;;
Рон Уизли;00-00001894;Клиент 210;Мантия-невидимка;15000.00;;;;15000.00;
Рон Уизли;00-00001847;Клиент 769;Проявитель врагов;;;;;;
Рон Уизли;00-00001738;Клиент 754;Кубок Огня;;;;;;
Рон Уизли;00-00001633;Клиент 128;Кубок Огня;;;;;;
Рон Уизли;00-00001633;Клиент 128;Мантия-невидимка;;;;;;
Рон Уизли;00-00001686;Клиент 152;Кубок Огня;40000.00;;;52289.60;;
Рон Уизли;00-00001540;Клиент 710;Кубок Огня;;;;;;
Рон Уизли;00-00001687;Клиент 741;Кубок Огня;;;;;;
Рон Уизли;00-00001687;Клиент 741;Карта Мародеров;;;;;;
